candidate_id,candidate_name,latitude,longitude,district,mclp_selected,pmedian_selected,pmp_selected,selected_by_both,selected_model_count,mclp_covered_demand_weight,mclp_covered_demand_count,pmedian_assigned_demand_weight,pmedian_mean_assignment_distance_m,ahp_score,source_record_count,merge_method,merge_warning,mclp_coverage_norm,pmedian_distance_quality_norm,ahp_score_norm,preliminary_priority_score,priority_score,final_selected,selection_stage,rejection_reason,minimum_distance_to_selected_m,blocking_selected_stop_ids,conflict_group_id,final_selection_rank,decision_order
STOP_001,단구동_1번_임시정류장,37.330009,127.962091,단구동,True,True,True,True,2,0.7168242972934507,3,0.7168242972934507,140.88687081949016,0.2348084520618434,2,exact_id,,0.5173103522326524,0.6994337075924681,0.2865595103487326,0.5295872968215449,0.4866285671393904,True,SELECTED_GREEDY,greedy selection by descending priority_score,646.2746350944863,,0,13.0,0
STOP_002,단구동_2번_임시정류장,37.330421,127.969382,단구동,True,True,True,True,2,0.3438803231095902,1,0.3438803231095902,0.0,0.3438803231095902,2,exact_id,,0.2481679984138085,1.0,0.4455840324065028,0.624917350984459,0.5724256158860132,True,SELECTED_GREEDY,greedy selection by descending priority_score,646.2746350944863,,1,6.0,1
STOP_003,단구동_3번_임시정류장,37.332498,127.960738,단구동,False,False,False,False,0,0.0,0,0.0,,0.237732732404878,2,exact_id,,0.0,0.0,0.2908230503379791,0.1615683612988773,0.14541152516898956,False,REJECTED_TARGET_REACHED,target_stop_count reached,301.51109462622713,STOP_001,0,,2
STOP_004,단구동_4번_임시정류장,37.326797,127.946691,단구동,False,False,False,False,0,0.0,0,0.0,,0.3612075292007861,2,exact_id,,0.0,0.0,0.4708467389208404,0.2615815216226891,0.2354233694604202,False,REJECTED_DISTANCE_CONFLICT,241.2m from an already-selected stop (min_stop_spacing_m=400m),241.15160765784165,STOP_017,2,,3
STOP_005,단구동_5번_임시정류장,37.321128,127.961899,단구동,False,True,True,False,1,0.0,0,0.3440604113396199,352.692609392833,0.1843942281999736,2,exact_id,,0.0,0.247569987550063,0.2130566192959354,0.1733803412866447,0.1560423071579803,True,SELECTED_GREEDY,greedy selection by descending priority_score,987.6680650920347,,3,22.0,4
STOP_006,단구동_6번_임시정류장,37.32966,127.960793,단구동,False,False,False,False,0,0.0,0,0.0,,0.2442831128267293,2,exact_id,,0.0,0.0,0.3003733689111838,0.1668740938395465,0.1501866844555919,False,REJECTED_TARGET_REACHED,target_stop_count reached,121.14951783224333,STOP_001,0,,5
STOP_007,단구동_7번_임시정류장,37.32315,127.954338,단구동,False,False,False,False,0,0.0,0,0.0,,0.1596661831396464,2,exact_id,,0.0,0.0,0.1770036433144367,0.0983353573969093,0.08850182165721834,False,REJECTED_TARGET_REACHED,target_stop_count reached,705.385218785666,,4,,6
STOP_008,개운동_1번_임시정류장,37.340915,127.954218,개운동,False,False,False,False,0,0.0,0,0.0,,0.3823683906398678,2,exact_id,,0.0,0.0,0.5016988352895511,0.2787215751608617,0.25084941764477553,False,REJECTED_DISTANCE_CONFLICT,199.6m from an already-selected stop (min_stop_spacing_m=400m),199.63173668701387,STOP_013,5,,7
STOP_009,개운동_2번_임시정류장,37.345533,127.964512,개운동,False,False,False,False,0,0.0,0,0.0,,0.1773950567798586,2,exact_id,,0.0,0.0,0.2028519727707378,0.1126955404281876,0.1014259863853689,False,REJECTED_TARGET_REACHED,target_stop_count reached,846.6416308241388,,6,,8
STOP_010,개운동_3번_임시정류장,37.359003,127.960336,개운동,False,False,False,False,0,0.0,0,0.0,,0.1749005450301033,2,exact_id,,0.0,0.0,0.1992150264622008,0.1106750147012226,0.0996075132311004,False,REJECTED_TARGET_REACHED,target_stop_count reached,937.4761866408124,,7,,9
STOP_011,개운동_4번_임시정류장,37.343679,127.95978,개운동,False,True,True,False,1,0.0,0,0.4565585909960531,233.17526212503813,0.2791635342161945,2,exact_id,,0.0,0.5025468050328672,0.3512282986685102,0.3068039003786983,0.27612351034082855,False,REJECTED_DISTANCE_CONFLICT,383.7m from an already-selected stop (min_stop_spacing_m=400m),383.66035538323933,STOP_013,5,,10
STOP_012,개운동_5번_임시정류장,37.346422,127.951757,개운동,True,False,False,False,1,1.212740500791928,3,0.0,,0.1657088746131034,2,exact_id,,0.875198033883955,0.0,0.1858137619479422,0.297718319723069,0.26794648775076213,False,REJECTED_DISTANCE_CONFLICT,253.3m from an already-selected stop (min_stop_spacing_m=400m),253.29617914500525,STOP_015,8,,11
STOP_013,명륜동_1번_임시정류장,37.341627,127.956291,명륜동,True,True,True,True,2,1.3856755315251643,3,1.1065119973089697,99.81586834350692,0.7241436066691019,2,exact_id,,1.0,0.7870540718454523,1.0,1.052678682632323,0.9574108143690904,True,SELECTED_GREEDY,greedy selection by descending priority_score,537.0713012634886,,5,1.0,12
STOP_014,명륜동_2번_임시정류장,37.351799,127.954826,명륜동,True,True,True,True,2,0.6691235929379218,1,0.8440241379680251,468.7380933204062,0.6691235929379218,2,exact_id,,0.4828862007842781,0.0,0.9197819630014166,0.7182980240639599,0.6564682216575639,True,SELECTED_GREEDY,greedy selection by descending priority_score,864.2180414219148,,9,4.0,13
STOP_015,명륜동_3번_임시정류장,37.345468,127.949155,명륜동,False,True,True,False,1,0.0,0,1.2127405007919283,178.0216878453148,0.6219353530026778,2,exact_id,,0.0,0.6202107522683719,0.8509824894949557,0.6105926613346135,0.5495333952011522,True,SELECTED_GREEDY,greedy selection by descending priority_score,415.12321954877183,,8,8.0,14
STOP_016,명륜동_4번_임시정류장,37.347679,127.947621,명륜동,False,False,False,False,0,0.0,0,0.0,,0.425096273176147,2,exact_id,,0.0,0.0,0.563995200370681,0.3133306668726005,0.2819976001853405,False,REJECTED_DISTANCE_CONFLICT,280.8m from an already-selected stop (min_stop_spacing_m=400m),280.76888439093915,STOP_015,8,,15
STOP_017,명륜동_5번_임시정류장,37.328753,127.947869,명륜동,True,True,True,True,2,0.9601269928832884,2,0.9601269928832884,120.57580382892084,0.5989194636825023,2,exact_id,,0.6928945276435028,0.7427650844957012,0.8174258010131635,0.8731609143715807,0.7958448229344225,True,SELECTED_GREEDY,greedy selection by descending priority_score,1077.4133347677766,,2,3.0,16
STOP_018,명륜동_6번_임시정류장,37.341765,127.948558,명륜동,True,True,True,True,2,0.6035189712527069,1,0.6035189712527069,0.0,0.6035189712527069,2,exact_id,,0.4355413352709164,1.0,0.8241317874973663,0.8768601786698516,0.7991741608028664,True,SELECTED_GREEDY,greedy selection by descending priority_score,415.12321954877183,,10,2.0,17
STOP_019,단계동_1번_임시정류장,37.349819,127.938994,단계동,True,False,False,False,1,0.5044591655170072,2,0.0,,0.2522699406972161,2,exact_id,,0.3640528782100718,0.0,0.3120179980228073,0.2542439718371311,0.228819574653418,True,SELECTED_GREEDY,greedy selection by descending priority_score,714.5194725536916,,11,20.0,18
STOP_020,단계동_2번_임시정류장,37.34717,127.931016,단계동,False,False,False,False,0,0.0,0,0.0,,0.1776524389717032,2,exact_id,,0.0,0.0,0.2032272306594225,0.1129040170330125,0.10161361532971125,False,REJECTED_TARGET_REACHED,target_stop_count reached,595.4691048387883,,12,,19
STOP_021,단계동_3번_임시정류장,37.353926,127.932777,단계동,True,True,True,True,2,0.3014791397540172,1,0.3014791397540172,0.0,0.3014791397540172,2,exact_id,,0.2175683505230042,1.0,0.3837639879437818,0.5837729600849909,0.5353956640764918,True,SELECTED_GREEDY,greedy selection by descending priority_score,714.5194725536916,,13,9.0,20
STOP_022,단계동_4번_임시정류장,37.337242,127.953744,단계동,True,True,True,True,2,0.3239462388721336,1,0.3239462388721336,0.0,0.3239462388721336,2,exact_id,,0.2337821744716653,1.0,0.4165205517118956,0.6055741230558677,0.5550167107502809,True,SELECTED_GREEDY,greedy selection by descending priority_score,537.0713012634886,,14,7.0,21
STOP_023,단계동_5번_임시정류장,37.346881,127.938174,단계동,False,True,True,False,1,0.0,0,0.9213808519636748,344.1466099478759,0.2521892248197911,2,exact_id,,0.0,0.2658019161403332,0.3119003159503657,0.2323450457813883,0.2091105412032495,False,REJECTED_DISTANCE_CONFLICT,334.6m from an already-selected stop (min_stop_spacing_m=400m),334.63534094793016,STOP_019,11,,22
STOP_024,단계동_6번_임시정류장,37.343617,127.936056,단계동,True,False,False,False,1,0.2392692474749643,1,0.0,,0.2392692474749643,2,exact_id,,0.1726733582511982,0.0,0.2930632573896036,0.2011847781611571,0.18106630034504145,True,SELECTED_GREEDY,greedy selection by descending priority_score,736.9133547847341,,15,21.0,23
STOP_025,무실동_1번_임시정류장,37.320093,127.930139,무실동,True,False,False,False,1,1.1074814744755572,5,0.0,,0.3689421094346924,2,exact_id,,0.7992357873683397,0.0,0.4821235962186858,0.4454543950922343,0.4009089555830109,True,SELECTED_GREEDY,greedy selection by descending priority_score,1579.5266582456243,,16,14.0,24
STOP_026,무실동_2번_임시정류장,37.317373,127.932901,무실동,False,False,False,False,0,0.0,0,0.0,,0.1691692993774424,2,exact_id,,0.0,0.0,0.1908589893652383,0.1060327718695768,0.09542949468261915,False,REJECTED_TARGET_REACHED,target_stop_count reached,388.7568278880031,STOP_025,16,,25
STOP_027,무실동_3번_임시정류장,37.315301,127.927621,무실동,False,False,False,False,0,0.0,0,0.0,,0.1350525795989759,2,exact_id,,0.0,0.0,0.1411175206911151,0.078398622606175,0.07055876034555755,False,REJECTED_TARGET_REACHED,target_stop_count reached,577.5010370851937,,16,,26
STOP_028,무실동_4번_임시정류장,37.31854,127.930576,무실동,False,True,True,False,1,0.0,0,1.242534054074533,215.33289052005568,0.3569699645018551,2,exact_id,,0.0,0.5406114980015828,0.4646684576237186,0.3782850315690843,0.3404565284121759,False,REJECTED_DISTANCE_CONFLICT,177.0m from an already-selected stop (min_stop_spacing_m=400m),176.956792563287,STOP_025,16,,27
STOP_029,무실동_5번_임시정류장,37.3205,127.929734,무실동,False,False,False,False,0,0.0,0,0.0,,0.1741373236649834,2,exact_id,,0.0,0.0,0.198102265567512,0.1100568142041733,0.099051132783756,False,REJECTED_TARGET_REACHED,target_stop_count reached,57.71267331279195,STOP_025,16,,28
STOP_030,무실동_6번_임시정류장,37.311487,127.944349,무실동,True,True,True,True,2,0.427635894524934,1,0.427635894524934,0.0,0.427635894524934,2,exact_id,,0.3086118537824293,1.0,0.5676979155374701,0.7061903650280232,0.6455713285252208,True,SELECTED_GREEDY,greedy selection by descending priority_score,1579.5266582456243,,17,5.0,29
STOP_031,무실동_7번_임시정류장,37.316912,127.931444,무실동,False,False,False,False,0,0.0,0,0.0,,0.0382627774965839,2,exact_id,,0.0,0.0,0.0,0.0,0.0,False,REJECTED_TARGET_REACHED,target_stop_count reached,372.0607434523965,STOP_025,16,,30
STOP_032,반곡관설동_1번_임시정류장,37.353236,127.994764,반곡관설동,False,False,False,False,0,0.0,0,0.0,,0.1721560755302285,2,exact_id,,0.0,0.0,0.195213646946774,0.1084520260815411,0.097606823473387,False,REJECTED_TARGET_REACHED,target_stop_count reached,544.5449449238561,,18,,31
STOP_033,반곡관설동_2번_임시정류장,37.351647,127.996765,반곡관설동,True,False,False,False,1,0.734483652113107,3,0.0,,0.177878347365112,2,exact_id,,0.5300545729523611,0.0,0.2035566004038449,0.230876905324883,0.2077892147923947,False,REJECTED_DISTANCE_CONFLICT,359.2m from an already-selected stop (min_stop_spacing_m=400m),359.2252535225097,STOP_035,18,,32
STOP_034,반곡관설동_3번_임시정류장,37.35145,127.986811,반곡관설동,True,False,False,False,1,0.521664897613737,2,0.0,,0.2361222633647778,2,exact_id,,0.376469733170188,0.0,0.2884750199344422,0.2439238406680652,0.2195314566012587,False,REJECTED_DISTANCE_CONFLICT,355.6m from an already-selected stop (min_stop_spacing_m=400m),355.58611358298697,STOP_036,19,,33
STOP_035,반곡관설동_4번_임시정류장,37.348458,127.996115,반곡관설동,False,True,True,False,1,0.0,0,0.734483652113107,301.2567328154553,0.3844492292177665,2,exact_id,,0.0,0.3573026448918649,0.5047326547074362,0.3598076181467678,0.3238268563320911,True,SELECTED_GREEDY,greedy selection by descending priority_score,1195.2877800046147,,18,17.0,34
STOP_036,반곡관설동_5번_임시정류장,37.350718,127.982895,반곡관설동,False,True,True,False,1,0.0,0,0.521664897613737,177.79305679149348,0.2855426342489592,2,exact_id,,0.0,0.6206985109060403,0.3605288939927166,0.3382268324195182,0.30440414917756636,True,SELECTED_GREEDY,greedy selection by descending priority_score,1195.2877800046147,,19,18.0,35
STOP_037,반곡관설동_6번_임시정류장,37.33023,127.991815,반곡관설동,True,True,True,True,2,0.2153882863753108,1,0.3999562817136045,266.9894567146974,0.2153882863753108,2,exact_id,,0.155439192996531,0.4304080241837811,0.2582453122248951,0.3736578883872333,0.34629209954851,True,SELECTED_GREEDY,greedy selection by descending priority_score,1983.5708815543742,,20,15.0,36
STOP_038,반곡관설동_7번_임시정류장,37.334406,127.988833,반곡관설동,True,False,False,False,1,0.1845679953382937,1,0.0,,0.1845679953382937,2,exact_id,,0.1331971238137879,0.0,0.2133099681736548,0.1481048987217611,0.133294408849585,False,REJECTED_TARGET_REACHED,target_stop_count reached,533.9789134293948,,21,,37
STOP_039,지정면_1번_임시정류장,37.39957,127.932846,지정면,True,True,True,True,2,0.2736624162646717,1,0.2736624162646717,0.0,0.2736624162646717,2,exact_id,,0.1974938649334892,1.0,0.3432077829789849,0.5567807383068781,0.5111026644761903,True,SELECTED_GREEDY,greedy selection by descending priority_score,679.4729342385887,,22,11.0,38
STOP_040,지정면_2번_임시정류장,37.401368,127.924519,지정면,True,False,False,False,1,0.1982114292636308,1,0.0,,0.1982114292636308,2,exact_id,,0.1430431762372728,0.0,0.2332018113992444,0.1613439343856408,0.14520954094707678,False,REJECTED_TARGET_REACHED,target_stop_count reached,607.7751888389253,,23,,39
STOP_041,지정면_3번_임시정류장,37.39025,127.936215,지정면,True,True,True,True,2,0.2458299890131952,1,0.2458299890131952,0.0,0.2458299890131952,2,exact_id,,0.1774080464151797,1.0,0.3026286822552411,0.5297732782340628,0.4867959504106565,True,SELECTED_GREEDY,greedy selection by descending priority_score,725.873391822835,,24,12.0,40
STOP_042,지정면_4번_임시정류장,37.405202,127.929423,지정면,True,True,True,True,2,0.2201680810642683,1,0.4183795103278991,303.88759441946263,0.2201680810642683,2,exact_id,,0.158888625840089,0.3516899975702634,0.2652141535828379,0.3608031127483215,0.33472280147348943,True,SELECTED_GREEDY,greedy selection by descending priority_score,695.4213175322658,,25,16.0,41
STOP_043,지정면_5번_임시정류장,37.39985,127.914597,지정면,False,True,True,False,1,0.0,0,0.1712113485454523,0.0,0.1712113485454523,2,exact_id,,0.0,1.0,0.193836254629342,0.3299090303496345,0.29691812731467104,True,SELECTED_GREEDY,greedy selection by descending priority_score,1438.4843218244057,,26,19.0,42
STOP_044,지정면_6번_임시정류장,37.396289,127.939335,지정면,True,True,True,True,2,0.2822185553449144,1,0.2822185553449144,0.0,0.2822185553449144,2,exact_id,,0.2036685709780026,1.0,0.355682456007192,0.5650832691102183,0.5185749421991965,True,SELECTED_GREEDY,greedy selection by descending priority_score,679.4729342385887,,27,10.0,43
